ISO,Country,paris,ndc,lts,net_zero,net_zero_status,ghg_emissions,ghg_per_capita,perc_ghg,gdp_per_capita,population,readiness,vulnerability,region,income_group,ndc_pledge,ndc_date,net_zero_goal,G20,G7,BRICS,OECD,NATO,EU,OPEC,CIS
AFG,Afghanistan,Joined Agreement,Only First NDC,No,No,No,30.72,0.9668713,0.1,,42647492,0.2428165185,0.5875161783,Middle East & North Africa,Low income,Afghanistan communicated several NAMAs.,,No,No,No,No,No,No,No,No,No
ALB,Albania,Joined Agreement,2020 NDC (Updated First NDC),No,No,No,8.61,2.7290974,0.0,10011.62799,2714617,0.3751334658,0.380184451,Europe & Central Asia,Upper middle income,#N/A,,No,No,No,No,No,Yes,No,No,No
DZA,Algeria,Joined Agreement,Only First NDC,No,No,No,306.28,6.122596,0.6,5631.179991,46814308,0.3211401852,0.3673523354,Middle East & North Africa,Upper middle income,Algeria communicated several NAMAs.,,No,No,No,No,No,No,No,Yes,No
AND,Andorra,Joined Agreement,2025 NDC (Third NDC),Yes,Yes,"In Policy Document (11/10/2021, 5/10/2020)",0.57,6.605102,0.0,49303.67339,81938,0.4524593209,,Europe & Central Asia,High income,"""This document establishes a 63% reduction target in net greenhouse gas emissions by 2035, compared to 2005 levels, with the ambition of achieving carbon neutrality by 2050.""",2/5/2025,In policy document,No,No,No,No,No,Yes,No,No
AGO,Angola,Joined Agreement,2025 NDC (Third NDC),No,No,No,139.42,4.7541122,0.3,2122.08369,37885849,0.2472405706,0.5063734243,Sub-Saharan Africa,Lower middle income,"""In this NDC, Angola sets itself the goal of achieving this 5 % reduction in emissions by 2035, unconditionally. In addition, it is hoped that, through a conditional mitigation scenario, the country will be able to reduce 11% below BAU emission levels by 2035.""",9/13/2025,No,No,No,No,No,No,No,Yes,No
ATG,Antigua and Barbuda,Joined Agreement,2020 NDC (Updated First NDC),No,Yes,In Policy Document (9/2/2021),4.32,7.6832266,0.0,23725.79037,93772,0.4132514698,0.4676822832,Latin America & Caribbean,High income,"Antigua and Barbuda communicated that it would voluntarily undertake nationally appropriate, measurable and verifiable actions aimed at further reducing its already minuscule GHG emissions by 25 per cent below 1990 levels by 2020.",,In policy document,No,No,No,No,No,No,No,No
ARG,Argentina,Joined Agreement,2020 NDC (Second NDC),Yes,Yes,In Policy Document (11/6/2022)<br>In Political Pledge (12/12/2020),431.09,9.267155,0.8,13858.20398,45696159,0.3451661477,0.3833580845,Latin America & Caribbean,Upper middle income,Argentina communicated several NAMAs.,,In policy document,Yes,No,No,No,No,No,No,No
ARM,Armenia,Joined Agreement,2020 NDC (Updated First NDC),Yes,No,No,11.57,3.5969324,0.0,8500.605225,3033500,0.4915917614,0.3573115294,Europe & Central Asia,Upper middle income,Armenia communicated several NAMAs.,,In policy document,No,No,No,No,No,No,No,Yes
AUS,Australia,Joined Agreement,2025 NDC (Second NDC),Yes,Yes,In Law (9/8/2022)<br>In Policy Document (10/16/2021),585.05,21.964567,1.2,64407.48426,27204809,0.6998780739,0.3159372385,East Asia & Pacific,High income,"""Australia’s 2035 emissions reduction target is a reduction in net national greenhouse gas emissions of 62–70% below 2005 levels by 2035, implemented as an emissions budget covering the period 2031–35.""",9/18/2025,In law,Yes,No,No,Yes,No,No,No,No
AUT,Austria,Joined Agreement,2025 NDC (Second NDC),Yes,Yes,In Law (1/1/2022)<br>In Policy Document (11/12/2020),64.16,7.44208,0.1,56833.19605,9178482,0.6541831305,0.2953165686,Europe & Central Asia,High income,"""An economy-wide net emissions reduction target by 2040 compared to 1990, including an adequate contribution of high-quality international credits under Article 6 of the Paris Agreement in a way that is both ambitious and cost-efficient, leading to an indicative contribution of an economy wide net reduction of between 66.25-72.5% in GHG emissions by 2035 compared to 1990.""",11/5/2025,In law,No,No,No,Yes,No,Yes,No,No
AZE,Azerbaijan,Joined Agreement,2025 NDC (Third NDC),No,No,No,54.83,7.4746423,0.1,7283.83563,10202850,0.3708634451,0.4042538046,Europe & Central Asia,Upper middle income,"""The Republic of Azerbaijan aims to achieve 40% net GHG emission reduction level in 2035 compared to 1990 net GHG emission level, subject to enhanced financial resources/ additional international financial support (e.g., concessional loans, private sector investment), technology availability, technology transfer, increased technology maturity level, capability-building support, and availability of absorptive capacity of forests and other ecosystems.""",11/5/2025,No,No,No,No,No,No,No,No,Yes
BHS,Bahamas,Joined Agreement,2025 NDC (Third NDC),No,No,No,2.81,7.3530636,0.0,39455.44665,401283,0.4622291311,0.4584258308,Latin America & Caribbean,High income,"""The Bahamas commits to reducing its GHG emissions by 30% compared to its 2010 emissions level and having at 45% renewables in the country’s energy mix by 2035.""",11/7/2025,No,No,No,No,No,No,No,No,No
BHR,Bahrain,Joined Agreement,2020 NDC (Updated First NDC),No,Yes,In Political Pledge (11/2/2021),60.27,42.68256,0.1,30048.21777,1588670,0.4911383673,0.4356320724,Middle East & North Africa,High income,#N/A,,Announced,No,No,No,No,No,No,Yes,No
BGD,Bangladesh,Joined Agreement,2025 NDC (Third NDC),No,No,No,262.09,1.5374012,0.5,2593.416074,173562364,0.2255334856,0.5683826102,South Asia,Lower middle income,"""Total cumulative reduction from 2026 to 2035 is estimated at 84.97 MtCO₂eq (20.31%) In unconditional scenario, GHG emissions would be reduced by 26.74 MtCO₂eq CO2eq (6.39%) below BAU in 2035 and in conditional scenario, GHG emissions would be reduced by additional 58.23 MtCO₂eq (13.92%) below BAU in 2035 subject to receive adequate, predictable, additional and new international climate financing.""",9/24/2025,No,No,No,No,No,No,No,No,No
BRB,Barbados,Joined Agreement,2025 NDC (Second NDC),No,Yes,In Policy Document (3/1/2021); In Political Pledge (12/12/2020),3.85,5.023571,0.0,25365.79494,282467,0.6095938598,0.37096198,Latin America & Caribbean,High income,"""It is the goal of the Government of Barbados to achieve an absolute economy-wide reduction in GHG emissions of 45% below the 2008 level by 2035 based on the existing portfolio of policies and measures.""",8/30/2025,In policy document,No,No,No,No,No,No,No,No
BLR,Belarus,Joined Agreement,2025 NDC (Second NDC),No,No,No,89.1,11.741679,0.2,8316.647763,9133712,0.4499918963,0.3231825864,Europe & Central Asia,Upper middle income,"""Based on the economic situation and the country's capabilities, the new unconditional economic goal is to reduce greenhouse gas emissions by at least 42 percent by 2035 compared to the level of emissions in 1990, taking into account the LULUCF sector. The new conditional economy-wide goal is to reduce greenhouse gas emissions by at least 47 percent by 2035 compared to 1990 emissions, taking into account the LULUCF sector.""",11/10/2025,No,No,No,No,No,No,No,No,Yes
BEL,Belgium,Joined Agreement,2025 NDC (Second NDC),Yes,Yes,In Policy Document (09/30/2020),96.95,9.119976,0.2,55954.61063,11876844,0.5915683896,0.334702001,Europe & Central Asia,High income,"""An economy-wide net emissions reduction target by 2040 compared to 1990, including an adequate contribution of high-quality international credits under Article 6 of the Paris Agreement in a way that is both ambitious and cost-efficient, leading to an indicative contribution of an economy wide net reduction of between 66.25-72.5% in GHG emissions by 2035 compared to 1990.""",11/5/2025,In policy document,No,No,No,Yes,Yes,Yes,No,No
BLZ,Belize,Joined Agreement,2025 NDC (Third NDC),Yes,Yes,In Policy Document (5/3/2023),6.52,18.134272,0.0,8429.679597,417072,0.3104055241,0.4672842696,Latin America & Caribbean,Upper middle income,"""Belize’s NDC 3.0 establishes mitigation actions that can potentially reduce GHG emissions approximately 3,016.5 ktCO₂e by 2030 and an additional 3,217.5 ktCO₂e from 2030 to 2035, amounting to a total cumulative avoided emissions of 6,234 ktCO₂e by 2035. """,6/14/2025,In policy document,No,No,No,No,No,No,No,No
BEN,Benin,Joined Agreement,2020 NDC (Updated First NDC),Yes,No,No,26.35,1.8596628,0.1,1485.38019,14462724,0.3313704497,0.5713164455,Sub-Saharan Africa,Lower middle income,Benin communicated several NAMAs.,,No,No,No,No,No,No,No,No,No
BTN,Bhutan,Joined Agreement,2025 NDC (Third NDC),Yes,Yes,"In Policy Document (9/22/2023, 6/22/2021, 9/18/2017)",0.85,6.36195,0.0,,791524,0.5225706561,0.5150286329,South Asia,Lower middle income,"""The BAU scenario outlined in the LTS was developed in alignment with the 10X National Economic Vision 2050 which charts Bhutan’s aspiration for green, diversified, inclusive, and climate-resilient development. Under this scenario, Bhutan is expected to remain carbon neutral through 2035 with GHG emissions projected at 4,454 Gg CO₂e (without LULUCF) and 8,673 Gg CO₂e (with LULUCF), both within the estimated carbon sink capacity of 10,965 Gg CO₂e. With additional mitigation efforts and further international support there is potential to further reduce emissions below BAU levels and ensure a trajectory consistent with carbon neutrality through the second half of this century.""",11/10/2025,Achieved,No,No,No,No,No,No,No,No
BOL,Bolivia,Joined Agreement,2025 NDC (Second NDC),No,No,No,137.66,11.702831,0.3,4001.21134,12413315,0.2545589785,0.4507797311,Latin America & Caribbean,Lower middle income,"""By 2035, Bolivia will have revolutionized its energy matrix, reaching 75% of electricity generation from renewable sources, with solar and wind energy leading the expansion in the National Interconnected System.""<br>""By 2035, Bolivia will have robust agri-food systems adapted to new climate scenarios. 40% of the production units will have adopted conservation, regenerative, and climate-resilient agriculture practices, protecting our soils and water sources.""<br>""By 2035, Bolivia will have left behind the linear model of ""use and throw away"", consolidating a comprehensive solid waste management that recovers at least 25% of municipal waste and eradicates open-air dumps, sources of pollution and disease.""<br>""Our vision for 2035 is completed with a vibrant and protected forest sector, which will have managed to stop and reverse deforestation, positioning forests as the heart of our climate action.""<br>""By 2035, Bolivia will have consolidated comprehensive and sustainable management of their water resources, guaranteeing the human right to water for all and the protection of our aquatic ecosystems.""",9/29/2025,No,No,No,No,No,No,No,No,No
BIH,Bosnia and Herzegovina,Joined Agreement,2020 NDC (Updated First NDC),Yes,No,No,25.75,8.411378,0.1,8957.372942,3164253,0.3244743988,0.3465139543,Europe & Central Asia,Upper middle income,#N/A,,No,No,No,No,No,No,No,No,No
BWA,Botswana,Joined Agreement,2025 NDC (Second NDC),No,No,No,59.54,12.650639,0.1,7695.242064,2521139,0.4148430485,0.4323979324,Sub-Saharan Africa,Upper middle income,Botswana communicated several NAMAs,,No,No,No,No,No,No,No,No,No
BRA,Brazil,Joined Agreement,2025 NDC (Second NDC),No,Yes,"In Policy Document (11/13/2024, 10/28/2021, 12/8/2020)<br>In Political Pledge (4/22/2021)",1597.22,11.28112,3.1,10280.31486,211998573,0.3116347459,0.3685201645,Latin America & Caribbean,Upper middle income,"""Brazil is setting an economy-wide target of reducing its net greenhouse gas emissions by 59-67 percent below 2005 levels by 2035, which is consistent, in absolute terms, with emissions level of 1.05 to 0.85 GtCO2e.""",11/13/2024,In policy document,Yes,No,Yes,No,No,No,No,No
BRN,Brunei,Joined Agreement,2025 NDC (Third NDC),No,No,No,11.93,37.33837,0.0,33417.83577,462721,0.535708165,0.4040391901,East Asia & Pacific,High income,"""Brunei Darussalam’s new NDC target will be to reduce GHG emissions by 20% relative to a Business-As-Usual (BAU) scenario by 2035, using 2015 as the baseline year.""",10/28/2025,No,No,No,No,No,No,No,Yes,No
BGR,Bulgaria,Joined Agreement,2025 NDC (Second NDC),No,Yes,In Political Pledge (11/2/2021),19.19,6.861754,0.0,17412.41151,6444366,0.419111935,0.3542121156,Europe & Central Asia,High income,"""An economy-wide net emissions reduction target by 2040 compared to 1990, including an adequate contribution of high-quality international credits under Article 6 of the Paris Agreement in a way that is both ambitious and cost-efficient, leading to an indicative contribution of an economy wide net reduction of between 66.25-72.5% in GHG emissions by 2035 compared to 1990.""",11/5/2025,Announced,No,No,No,No,Yes,Yes,No,No
BFA,Burkina Faso,Joined Agreement,2020 NDC (Updated First NDC),Yes,Yes,In Policy Document (03/20/25),60.42,2.5302415,0.1,987.3213781,23548781,0.2887277292,0.5209263763,Sub-Saharan Africa,Low income,Burkina Faso communicated proposals for a framework for the development of two NAMAs: one in the rural development sector and one in the energy sector.,,In policy document,No,No,No,No,No,No,No,No
BDI,Burundi,Joined Agreement,2025 NDC (Third NDC),No,No,No,7.18,0.6943336,0.0,153.9302179,14047786,0.2108136762,0.5531865634,Sub-Saharan Africa,Low income,"""The goal of NDC 3.0 is to reduce greenhouse gas emissions by 23% by 2035 compared to the baseline scenario (BAU), which corresponds to a 3% reduction under its unconditional target and a 20% reduction under its conditional target. Targets with and without measures have been defined by sector (Energy, PIUP, Agriculture, FAT, and Waste).""",11/10/2025,No,No,No,No,No,No,No,No,No
CPV,Cabo Verde,Joined Agreement,2025 NDC (Second NDC),No,Yes,In Policy Document (4/5/2021),0.67,1.6211423,0.0,5272.85253,524877,0.4577758743,0.4204449961,Sub-Saharan Africa,Upper middle income,"""By 2030, Cabo Verde commits to reduce economy-wide GHG emissions by 18% below the BAU scenario (unconditional). Conditional on adequate international support, this reduction target may increase to 28% below BAU. By 2035, mitigation ambition rises to a 39% reduction below BAU (conditional), while maintaining 18% below BAU (unconditional).""",11/1/2025,In policy document,No,No,No,No,No,No,No,No
KHM,Cambodia,Joined Agreement,2025 NDC (Third NDC),Yes,Yes,In Policy Document (12/30/2021),78.58,4.7634897,0.2,2627.879697,17638801,0.2152888551,0.4806029485,East Asia & Pacific,Lower middle income,"""Cambodia’s NDC 3.0 establishes an enhanced and more ambitious economy-wide target of reducing GHG emissions by 55% by 2035, compared to the 2035 BAU scenario. For the first time, Cambodia has also defined a clear unconditional target of reducing GHG emissions by 16% by 2035, compared to the 2035 BAU scenario.""",8/8/2025,In policy document,No,No,No,No,No,No,No,No
CMR,Cameroon,Joined Agreement,2020 NDC (Updated First NDC),No,No,No,76.19,2.2971041,0.1,1762.368351,29123744,0.2200017732,0.485603879,Sub-Saharan Africa,Lower middle income,"Cameroon communicated that it will undertake NAMAs through REDD and CDM projects, reforestation, and sector-specific mitigation actions developed as part of its National Mitigation Strategy.",,No,No,No,No,No,No,No,Yes,No
CAN,Canada,Joined Agreement,2025 NDC (Second NDC),Yes,Yes,"In Law (06/29/2021)<br>In Policy Document (10/31/2022, 07/12/2021)<br>In Political Pledge (12/12/2020)",760.62,20.356861,1.5,54282.61761,41288599,0.652573748,0.2815838854,North America,High income,"""Canada’s 2035 NDC is to reduce emissions by 45-50% below 2005 levels by 2035, building on the 2030 target of 40-45% below 2005 levels.""",2/12/2025,In law,Yes,Yes,No,Yes,Yes,No,No,No
CAF,Central African Republic,Joined Agreement,2020 NDC (Updated First NDC),No,No,No,55.53,5.36867,0.1,516.1704245,5330690,0.1161053996,0.5787110964,Sub-Saharan Africa,Low income,The Central African Republic communicated several NAMAs.,,No,No,No,No,No,No,No,No,No
TCD,Chad,Joined Agreement,2020 NDC (Updated First NDC),No,No,No,122.33,6.2998986,0.2,1016.088807,20299123,0.1393617211,0.6396268826,Sub-Saharan Africa,Low income,Chad communicated several NAMAs.,,No,No,No,No,No,No,No,Yes,No
CHL,Chile,Joined Agreement,2025 NDC (Second NDC),Yes,Yes,"In Law (9/8/2022)<br>In Policy Document (11/3/2021, 4/8/2020)",53.01,5.4930835,0.1,16709.8894,19764771,0.5334247568,0.3322364923,Latin America & Caribbean,High income,"""Chile commits to a GHG emissions budget that will not exceed 1,100 MtCO2eq between 2020 and 2030, with a maximum GHG emissions (peak) by 2025, and not to exceed a GHG emissions level of 95 MtCO2eq by 2030, considering the emission sources of Chile's Third Biennial Update Report. In addition, Chile commits to a national GHG emissions budget that will not exceed 480 MtCO2eq between 2031 and 2035, and not to exceed a GHG emissions level of 90 MtCO2eq in 2035, considering the emission sources of Chile's First Biennial Transparency Report.""",9/23/2025,In law,No,No,No,Yes,No,No,No,No
CHN,China,Joined Agreement,2025 NDC (Third NDC),Yes,Yes,In Policy Document (10/28/2021)<br>In Political Pledge (12/12/2020),12851.84,9.819389,25.3,13303.14815,1408975000,0.5435718082,0.3815280089,East Asia & Pacific,Upper middle income,"""The new round of NDC targets proposed by China are: by 2035, China's net greenhouse gas emissions across the entire economy will decrease by 7%–10% from peak levels, and efforts will be made to achieve even better results.""",11/3/2025,Announced,Yes,No,Yes,No,No,No,No,No
COL,Colombia,Joined Agreement,2025 NDC (Third NDC),Yes,Yes,In Law (12/22/2021)<br>In Policy Document (11/12/2021)<br>In Political Pledge (11/2/2021),300.94,4.950232,0.6,7913.988015,52886363,0.345994367,0.4053877306,Latin America & Caribbean,Upper middle income,"""In 2035, Colombia will emit a maximum of between 155 and 161 MtCO2eq.""",9/25/2025,In law,No,No,No,No,No,No,No,No
COM,Comoros,Joined Agreement,2020 NDC (Updated First NDC),No,Yes,In Policy Document (11/5/2021),0.75,1.3610516,0.0,1784.115469,866628,0.2519597434,0.5410414215,Sub-Saharan Africa,Lower middle income,#N/A,,In policy document,No,No,No,No,No,No,No,No
COG,Congo,Joined Agreement,2020 NDC (Updated First NDC),No,No,No,31.71,6.4470277,0.1,2482.248947,6332961,0.1783049972,0.5224472477,Sub-Saharan Africa,Lower middle income,Congo communicated several NAMAs.,,No,No,No,No,No,No,No,Yes,No
COK,Cook Islands,Joined Agreement,Only First NDC,No,Yes,In Political Pledge (11/7/2022),#N/A,#N/A,#N/A,#N/A,#N/A,#N/A,#N/A,#N/A,#N/A,#N/A,,Announced,No,No,No,No,No,No,No,No
CRI,Costa Rica,Joined Agreement,2025 NDC (Second NDC),Yes,Yes,In Policy Document (12/12/2019),9.06,3.8182762,0.0,18587.15322,5129910,0.4373093583,0.376483069,Latin America & Caribbean,High income,Costa Rica communicated that it will implement a &quot;long-term economy-wide transformational effort to enable carbon-neutrality&quot; that will help the country to significantly deviate from &quot;business as usual&quot; emission scenarios from now until 2021 and beyond.*,,In policy document,No,No,No,Yes,No,No,No,No
CIV,Côte d'Ivoire,Joined Agreement,2025 NDC (Third NDC),No,No,No,75.78,3.9007313,0.1,2709.895116,31934230,0.2942572302,0.489171238,Sub-Saharan Africa,Lower middle income,"""To reverse this trend, NDC 3.0 sets an ambitious target of reducing emissions by 33.07% by 2035 compared to the BAU scenario, by mobilizing a portfolio of differentiated sectoral measures: Unconditional measures: constitute an implementation commitment, allowing emissions to be reduced to 104,659 GgCO2eq, i.e. a decrease of 33.07% compared to the BAU scenario; Conditional measures: depending on increased international support (finance, technology transfer, capacity building), they would offer a more ambitious potential, limiting emissions to 40,199 GgCO2 eq, a reduction of 74.29%.""",10/29/2025,In policy document,No,No,No,No,No,No,No,No
HRV,Croatia,Joined Agreement,2025 NDC (Second NDC),No,Yes,In Policy Document (6/1/2021),19.24,5.440785,0.0,23931.45284,3866300,0.4524778907,0.3798277979,Europe & Central Asia,High income,"""An economy-wide net emissions reduction target by 2040 compared to 1990, including an adequate contribution of high-quality international credits under Article 6 of the Paris Agreement in a way that is both ambitious and cost-efficient, leading to an indicative contribution of an economy wide net reduction of between 66.25-72.5% in GHG emissions by 2035 compared to 1990.""",11/5/2025,In policy document,No,No,No,No,Yes,Yes,No,No
CUB,Cuba,Joined Agreement,2025 NDC (Third NDC),No,No,No,28.86,3.8013668,0.1,,10979783,0.3345228455,0.4405822578,Latin America & Caribbean,Upper middle income,"""Achieve 26% of electricity generation based on FRE in Cuba's electricity matrix by 2035.""<br>""Increase in energy efficiency in Cuba for the period 2031 - 2035.""",2/27/2025,No,No,No,No,No,No,No,No,No
CYP,Cyprus,Joined Agreement,2025 NDC (Second NDC),Yes,Yes,In Policy Document (2/7/2023)<br>In Political Pledge (11/2/2021),8.28,7.2271547,0.0,38654.16797,1358282,0.4776481269,0.3585364092,Europe & Central Asia,High income,"""An economy-wide net emissions reduction target by 2040 compared to 1990, including an adequate contribution of high-quality international credits under Article 6 of the Paris Agreement in a way that is both ambitious and cost-efficient, leading to an indicative contribution of an economy wide net reduction of between 66.25-72.5% in GHG emissions by 2035 compared to 1990.""",11/5/2025,In policy document,No,No,No,No,No,Yes,No,No
CZE,Czech Republic,Joined Agreement,2025 NDC (Second NDC),Yes,No,No,107.13,8.500418,0.2,31706.62342,10882164,0.5216767858,0.2638085538,Europe & Central Asia,High income,"""An economy-wide net emissions reduction target by 2040 compared to 1990, including an adequate contribution of high-quality international credits under Article 6 of the Paris Agreement in a way that is both ambitious and cost-efficient, leading to an indicative contribution of an economy wide net reduction of between 66.25-72.5% in GHG emissions by 2035 compared to 1990.""",11/5/2025,No,No,No,No,Yes,Yes,Yes,No,No
COD,Democratic Republic of the Congo,Joined Agreement,2020 NDC (Updated First NDC),No,No,No,707.61,5.2425456,1.4,647.4357048,109276265,0.2141304018,0.5608687744,Sub-Saharan Africa,Low income,#N/A,,No,No,No,No,No,No,No,No,No
DNK,Denmark,Joined Agreement,2025 NDC (Second NDC),Yes,Yes,In Law (6/12/2019)<br>In Policy Document (12/30/2020),42.88,7.602126,0.1,71851.75621,5976992,0.8024159384,0.3474351043,Europe & Central Asia,High income,"""An economy-wide net emissions reduction target by 2040 compared to 1990, including an adequate contribution of high-quality international credits under Article 6 of the Paris Agreement in a way that is both ambitious and cost-efficient, leading to an indicative contribution of an economy wide net reduction of between 66.25-72.5% in GHG emissions by 2035 compared to 1990.""",11/5/2025,In law,No,No,No,Yes,Yes,Yes,No,No
DJI,Djibouti,Joined Agreement,2025 NDC (Second NDC),No,No,No,1.69,1.8142844,0.0,3496.471119,1168722,0.2930199831,0.5017472343,Middle East & North Africa,Lower middle income,#N/A,,No,No,No,No,No,No,No,No,No
DMA,Dominica,Joined Agreement,2020 NDC (Updated First NDC),No,Yes,In Policy Document (5/14/2020),0.23,3.247703,0.0,10405.27878,66205,0.4736226926,0.4390778881,Latin America & Caribbean,Upper middle income,Dominica communicated several NAMAs.,,In policy document,No,No,No,No,No,No,No,No
DOM,Dominican Republic,Joined Agreement,2020 NDC (Updated First NDC),No,Yes,In Policy Document (12/28/2020),44.94,4.234256,0.1,10875.66184,11427557,0.3063072006,0.432859946,Latin America & Caribbean,Upper middle income,#N/A,,In policy document,No,No,No,No,No,No,No,No
TLS,East Timor,Joined Agreement,2020 NDC (Updated First NDC),No,No,No,3.7,3.483639,0.0,1343.14886,1400638,0.3842751698,0.5380677937,East Asia & Pacific,Lower middle income,#N/A,,No,No,No,No,No,No,No,No,No
ECU,Ecuador,Joined Agreement,2025 NDC (Second NDC),No,No,No,98.2,5.039436,0.2,6874.70574,18135478,0.3033293263,0.4613303517,Latin America & Caribbean,Upper middle income,"""The Republic of Ecuador commits in its unconditional scenario to achieve a projected reduction in GHG emissions in 2035 of approximately 8,800 ktCO2-eq, 7% with respect to the 2010 baseline trend scenario among all mitigation sectors. In addition, a conditional target is proposed, with which a reduction of 8% could be achieved, approximately 10,600 ktCO2-eq subject to the support of international cooperation.""",2/6/2025,No,No,No,No,No,No,No,Yes,No
EGY,Egypt,Joined Agreement,2020 NDC (Updated First NDC),No,No,No,345.75,3.2089388,0.7,3338.473714,116538258,0.3087193297,0.4113207034,Middle East & North Africa,Lower middle income,"Egypt commits to reducing its electricity emissions by 37%, its oil and gas emissions by 65%, and its transport emissions by 7% by 2030 relative to BAU.",,No,No,No,Yes,No,No,No,No,No
SLV,El Salvador,Joined Agreement,2020 NDC (Updated First NDC),No,No,No,14.81,1.7130642,0.0,5579.659692,6338193,0.3046126685,0.4254382529,Latin America & Caribbean,Upper middle income,#N/A,,No,No,No,No,No,No,No,No,No
GNQ,Equatorial Guinea,Joined Agreement,2020 NDC (Updated First NDC),Yes,No,No,12.2,7.8284626,0.0,6745.400132,1892516,0.1907583716,0.4100223414,Sub-Saharan Africa,Upper middle income,#N/A,,No,No,No,No,No,No,No,Yes,No
ERI,Eritrea,Joined Agreement,Only First NDC,No,No,No,7.03,2.7152011,0.0,,3535603,0.1821336788,0.5915299244,Sub-Saharan Africa,Low income,Eritrea communicated its ongoing NAMAs,,No,No,No,No,No,No,No,No,No
EST,Estonia,Joined Agreement,2025 NDC (Second NDC),No,Yes,In Political Pledge (1/25/2021),17.93,9.784219,0.0,31170.09151,1371986,0.6193401711,0.3343735948,Europe & Central Asia,High income,"""An economy-wide net emissions reduction target by 2040 compared to 1990, including an adequate contribution of high-quality international credits under Article 6 of the Paris Agreement in a way that is both ambitious and cost-efficient, leading to an indicative contribution of an economy wide net reduction of between 66.25-72.5% in GHG emissions by 2035 compared to 1990.""",11/5/2025,Announced,No,No,No,Yes,Yes,Yes,No,No
SWZ,Eswatini,Joined Agreement,2025 NDC (Third NDC),No,No,No,3.07,1.3788589,0.0,3936.109692,1242822,0.2648959382,0.4476383889,Sub-Saharan Africa,Lower middle income,"""Eswatini’s new economy wide target, compared to the Business as Usual (BAU) scenario, aims to reduce its greenhouse emissions (GHG) by 2.24 MtCO₂eq in 2035. This is an increase of 115% from the 1.04 MtCO₂eq reductions by 2030 in NDC 2.0. Subject to national circumstances, Eswatini aims to mobilize domestic resources to abate 695 ktCO₂eq tonnes of GHG emissions (31% of the 2.24 million tonnes). The reduction of the remaining 1.55 MtCO₂eq tonnes (69% of the total) will be achieved through a combination of international support, including finance, investments, technology development and transfer, and capacity building.""",9/22/2025,No,No,No,No,No,No,No,No,No
ETH,Ethiopia,Joined Agreement,2025 NDC (Third NDC),Yes,Yes,In Policy Document (6/21/2023),215,1.9534547,0.4,,132059767,0.2964742928,0.5223633263,Sub-Saharan Africa,,"""The NDC 3.0 commits to reducing greenhouse gas (GHG) emissions by 70.3% by 2035, compared to a revised business-as-usual pathway, a slight increase from the earlier 68.8% target.""",9/26/2025,In policy document,No,No,Yes,No,No,No,No,No
EUU,European Union (27),Joined Agreement,2025 NDC (Second NDC),Yes,Yes,"In Law (6/30/2021)<br>In Policy Document (12/18/2020, 3/6/2020)",3091.73,#N/A,6.1,43145.15669,450185396,#N/A,#N/A,,,"""An economy-wide net emissions reduction target by 2040 compared to 1990, including an adequate contribution of high-quality international credits under Article 6 of the Paris Agreement in a way that is both ambitious and cost-efficient, leading to an indicative contribution of an economy wide net reduction of between 66.25-72.5% in GHG emissions by 2035 compared to 1990.""",11/5/2025,In policy document,Yes,Yes,#N/A,#N/A,#N/A,#N/A,#N/A,#N/A
FJI,Fiji,Joined Agreement,2025 NDC (Third NDC),Yes,Yes,"In Law (9/23/2021)<br>In Policy Document (12/30/2020, 2/25/2019)",-0.85,2.542566,0.0,6288.398673,928784,0.4663553795,0.4531723522,East Asia & Pacific,Upper middle income,"""A reduction of energy sector BAU CO2e emissions by 35% by 2035 as an absolute reduction compared to reference year (2035 BAU emissions scenario) emissions. Of the 36% reduction of BAU baseline CO2e emissions, 12% will be achieved “unconditionally” using available resources in the country, and 24% achieved “conditionally”.""",11/6/2025,In law,No,No,No,No,No,No,No,No
FIN,Finland,Joined Agreement,2025 NDC (Second NDC),Yes,Yes,In Law (5/25/2022)<br>In Policy Document (6/6/2019),59.43,14.141014,0.1,53188.61862,5637214,0.7760449088,0.2802004006,Europe & Central Asia,High income,"""An economy-wide net emissions reduction target by 2040 compared to 1990, including an adequate contribution of high-quality international credits under Article 6 of the Paris Agreement in a way that is both ambitious and cost-efficient, leading to an indicative contribution of an economy wide net reduction of between 66.25-72.5% in GHG emissions by 2035 compared to 1990.""",11/5/2025,In law,No,No,No,Yes,Yes,Yes,No,No
FRA,France,Joined Agreement,2025 NDC (Second NDC),Yes,Yes,In Law (4/30/2019)<br>In Policy Document (2/8/2021),332.6,5.031372,0.7,46150.48769,68516699,0.6481640992,0.3041662827,Europe & Central Asia,High income,"""An economy-wide net emissions reduction target by 2040 compared to 1990, including an adequate contribution of high-quality international credits under Article 6 of the Paris Agreement in a way that is both ambitious and cost-efficient, leading to an indicative contribution of an economy wide net reduction of between 66.25-72.5% in GHG emissions by 2035 compared to 1990.""",11/5/2025,In law,Yes,Yes,No,Yes,Yes,Yes,No,No
GAB,Gabon,Joined Agreement,2020 NDC (Second NDC),No,Yes,In Policy Document (7/6/2022),22.19,9.956967,0.0,8218.763071,2538952,0.2355710196,0.4363016507,Sub-Saharan Africa,Upper middle income,"Gabon communicated several NAMAs, to be implemented by 2020.",,Achieved,No,No,No,No,No,No,Yes,No
GMB,Gambia,Joined Agreement,2020 NDC (Second NDC),Yes,Yes,"In Policy Document (9/22/2022, 3/1/2021)",3.91,1.3494781,0.0,908.5256742,2759988,0.3039087256,0.5235334964,Sub-Saharan Africa,Low income,The Gambia submitted a document containing comprehensive information on NAMAs and an annex with concept notes for 10 priority NAMAs.,,In policy document,No,No,No,No,No,No,No,No
GEO,Georgia,Joined Agreement,2020 NDC (Updated First NDC),Yes,Yes,In Policy Document (7/25/2023),19.39,3.1328285,0.0,9193.663664,3673850,0.5664632675,0.3942915455,Europe & Central Asia,Upper middle income,Georgia communicated several NAMAs.,,In policy document,No,No,No,No,No,No,No,Yes
DEU,Germany,Joined Agreement,2025 NDC (Second NDC),Yes,Yes,"In Law (5/5/2021)<br>In Policy Document (11/2/22)<br>In Political Pledge (5/5/2021, 5/14/2019)",695.82,7.9318743,1.4,55800.21945,83510950,0.6937356983,0.3014888356,Europe & Central Asia,High income,"""An economy-wide net emissions reduction target by 2040 compared to 1990, including an adequate contribution of high-quality international credits under Article 6 of the Paris Agreement in a way that is both ambitious and cost-efficient, leading to an indicative contribution of an economy wide net reduction of between 66.25-72.5% in GHG emissions by 2035 compared to 1990.""",11/5/2025,In law,Yes,Yes,No,Yes,Yes,Yes,No,No
GHA,Ghana,Joined Agreement,2020 NDC (Updated First NDC),No,Yes,In Policy Document (9/21/2023); In Political Pledge (10/1/2022),17.75,1.5550048,0.0,2405.794664,34427414,0.3210847325,0.4476771378,Sub-Saharan Africa,Lower middle income,"Ghana communicated initial list of NAMAs, which it states requires further detailed analysis, in particular as they relate to the actual levels of emission reductions as a result of the implementation of these actions.",,In policy document,No,No,No,No,No,No,No,No
GRC,Greece,Joined Agreement,2025 NDC (Second NDC),No,Yes,In Law (05/26/2022),76.81,6.1271834,0.2,24752.10684,10388805,0.4979225999,0.3369427272,Europe & Central Asia,High income,"""An economy-wide net emissions reduction target by 2040 compared to 1990, including an adequate contribution of high-quality international credits under Article 6 of the Paris Agreement in a way that is both ambitious and cost-efficient, leading to an indicative contribution of an economy wide net reduction of between 66.25-72.5% in GHG emissions by 2035 compared to 1990.""",11/5/2025,In law,No,No,No,Yes,Yes,Yes,No,No
GRD,Grenada,Joined Agreement,2020 NDC (Second NDC),No,No,No,0.39,3.2768295,0.0,11871.6117,117207,0.5020886581,0.3828455593,Latin America & Caribbean,Upper middle income,#N/A,,In policy document,No,No,No,No,No,No,No,No
GTM,Guatemala,Joined Agreement,2020 NDC (Updated First NDC),Yes,No,No,44.4,3.5378783,0.1,6150.025978,18406359,0.2537911427,0.4342831351,Latin America & Caribbean,Upper middle income,#N/A,,No,No,No,No,No,No,No,No,No
GIN,Guinea,Joined Agreement,2025 NDC (Third NDC),No,No,No,41.52,3.5477328,0.1,1717.023181,14754785,0.279149102,0.5291288677,Sub-Saharan Africa,Lower middle income,"""Energy, Waste and IPPU sectors: Unconditional target: 9.7% reduction in non-AFOLU GHG emissions by 2035 (target emissions: 14,035 ktCO₂e) Conditional objective: 20% reduction in non-AFOLU GHGs by 2035 (target emissions: 12,434 ktCO₂e) All sectors: Unconditional target: 17% reduction in GHG emissions with AFOLU by 2035 (target emissions: 83,052 ktCO₂e) Conditional target: 49% reduction in GHGs with AFOLU by 2035 (target emissions: 51,032 ktCO₂e)""",11/6/2025,No,No,No,No,No,No,No,No,No
GNB,Guinea-Bissau,Joined Agreement,2020 NDC (Updated First NDC),No,No,No,4.55,2.2692623,0.0,962.9836279,2201352,0.2320619734,0.6128130552,Sub-Saharan Africa,Low income,#N/A,,No,No,No,No,No,No,No,No,No
GUY,Guyana,Joined Agreement,Only First NDC,No,Yes,In Policy Document (7/1/2022); In Political Pledge (4/22/2021),19.91,13.794231,0.0,29883.63412,831087,0.3046190208,0.4299631192,Latin America & Caribbean,High income,#N/A,,Achieved,No,No,No,No,No,No,No,No
HTI,Haiti,Joined Agreement,2020 NDC (Updated First NDC),No,No,No,11.59,1.1897771,0.0,2142.623305,11772557,0.1735091988,0.5094884093,Latin America & Caribbean,Lower middle income,#N/A,,No,No,No,No,No,No,No,No,No
HND,Honduras,Joined Agreement,2025 NDC (Second NDC),No,No,No,27.45,3.2258246,0.1,3426.434833,10825703,0.2039963058,0.4450338659,Latin America & Caribbean,Lower middle income,#N/A,,No,No,No,No,No,No,No,No,No
HUN,Hungary,Joined Agreement,2025 NDC (Second NDC),Yes,Yes,In Law (5/14/2020),60.86,5.0901756,0.1,23310.75127,9562314,0.445166206,0.3532215107,Europe & Central Asia,High income,"""An economy-wide net emissions reduction target by 2040 compared to 1990, including an adequate contribution of high-quality international credits under Article 6 of the Paris Agreement in a way that is both ambitious and cost-efficient, leading to an indicative contribution of an economy wide net reduction of between 66.25-72.5% in GHG emissions by 2035 compared to 1990.""",11/5/2025,In law,No,No,No,Yes,Yes,Yes,No,No
ISL,Iceland,Joined Agreement,2025 NDC (Third NDC),Yes,Yes,"In Law (6/25/2021)<br>In Policy Document (10/28/2021, 2/18/2021)",3.43,12.92178,0.0,82703.85799,404610,0.6902083824,0.3222608484,Europe & Central Asia,High income,"""Iceland is committed to a 50–55 per cent emission reduction target by 2035 compared to 2005 under the scope of the EU’s Effort Sharing Regulation (ESR). This represents a significant progression from the corresponding 41 per cent emission reduction target under ESR by 2030 compared to 2005.""",9/30/2025,In law,No,No,No,Yes,Yes,No,No,No
IND,India,Joined Agreement,2020 NDC (Updated First NDC),Yes,Yes,"In Policy Document (11/14/2022, 8/26/2022)<br>In Political Pledge (11/1/2021)",3805.03,2.9181125,7.5,2696.6639,1450935791,0.3552702487,0.4845973213,South Asia,Lower middle income,India communicated that it will endeavour to reduce the emissions intensity of its GDP by 20-25 per cent by 2020 compared with the 2005 level. It added that emissions from the agriculture sector would not form part of the assessment of its emissions intensity.,,In policy document,Yes,No,Yes,No,No,No,No,No
IDN,Indonesia,Joined Agreement,2025 NDC (Second NDC),Yes,Yes,In Policy Document (9/23/2022); In Political Pledge (11/20/2024),1543.17,6.83475,3.0,4925.430488,283487931,0.3477910259,0.4304823574,East Asia & Pacific,Upper middle income,"""Under the LCCP scenarios, Indonesia is expected to achieve its peak emissions by 2030, with estimated emission levels of 1,345,707 Gg CO2e under the LCCP_L scenario and 1,491,474 Gg CO2e under the LCCP_H scenario. Compared to the ENDC CM2 scenario, which projects emissions of 1,632,000 Gg CO2e in 2030, Indonesia's emissions are expected to be 8 - 17.5% lower. The emissions will decline in 2035 with the projection of GHG emission levels reaching 1,257,717 Gg CO2e under LCCP_L and 1,488,866 Gg CO2e under LCCP_H.""",10/27/2025,In policy document,Yes,No,Yes,No,No,No,No,No
IRN,Iran,Signed Agreement,No Document Submitted (Only INDC),No,No,No,990.34,11.756291,1.9,4771.40029,91567738,0.3405041659,0.3762434773,Middle East & North Africa,Upper middle income,#N/A,,No,No,No,Yes,No,No,No,Yes,No
IRQ,Iraq,Joined Agreement,2025 NDC (Third NDC),No,No,No,323.62,7.505471,0.6,6073.610323,46042015,0.2856144323,0.4360142732,Middle East & North Africa,Upper middle income,#N/A,,No,No,No,No,No,No,No,Yes,No
IRL,Ireland,Joined Agreement,2025 NDC (Second NDC),Yes,Yes,"In Law (8/30/2021)<br>In Policy Document (7/23/2024, 5/16/2023, 6/17/2019)",68.44,11.095565,0.1,107316.3373,5380257,0.5968400178,0.3155772642,Europe & Central Asia,High income,"""An economy-wide net emissions reduction target by 2040 compared to 1990, including an adequate contribution of high-quality international credits under Article 6 of the Paris Agreement in a way that is both ambitious and cost-efficient, leading to an indicative contribution of an economy wide net reduction of between 66.25-72.5% in GHG emissions by 2035 compared to 1990.""",11/5/2025,In law,No,No,No,Yes,No,Yes,No,No
ISR,Israel,Joined Agreement,2020 NDC (Updated First NDC),No,Yes,In Political Pledge (11/1/2021),86.73,8.773358,0.2,54176.68444,9974400,0.5354951866,0.2893659,Middle East & North Africa,High income,Israel communicated that it will strive to achieve the target of a 20 per cent reduction in GHG emissions by 2020 below 'business as usual' levels.,,In law,No,No,No,Yes,No,No,No,No
ITA,Italy,Joined Agreement,2025 NDC (Second NDC),No,Yes,In Policy Document (2021)<br>In Political Pledge (12/12/2020),384.4,6.0840755,0.8,40226.04724,58986023,0.5179171709,0.3418868499,Europe & Central Asia,High income,"""An economy-wide net emissions reduction target by 2040 compared to 1990, including an adequate contribution of high-quality international credits under Article 6 of the Paris Agreement in a way that is both ambitious and cost-efficient, leading to an indicative contribution of an economy wide net reduction of between 66.25-72.5% in GHG emissions by 2035 compared to 1990.""",11/5/2025,In policy document,Yes,Yes,No,Yes,Yes,Yes,No,No
JAM,Jamaica,Joined Agreement,2025 NDC (Third NDC),Yes,Yes,In Political Pledge (12/12/2020),11.9,2.9469461,0.0,7019.746348,2839175,0.3703957428,0.4219391522,Latin America & Caribbean,Upper middle income,"""Jamaica’s NDC 3.0 shows emission reductions of 16.3% by 2030 compared to 2012 levels (19.6% compared to BAU), and 16.9% by 2035 compared to 2012 levels (25.9% compared to BAU) in an unconditional scenario, excluding forestry."" ""Jamaica’s target, conditional upon international support, results in emissions reductions of 19.6% by 2030 compared to 2012 levels (22.7% compared to BAU), and 28.3% by 2035 compared to 2012 levels (36.0% compared to BAU), excluding forestry.""",9/22/2025,In policy document,No,No,No,No,No,No,No,No
JPN,Japan,Joined Agreement,2025 NDC (Second NDC),Yes,Yes,"In Law(6/2/2021)<br>In Policy Document (11/21/2021,10/29/2021, 6/11/2019)<br>In Political Pledge (10/26/2020)",1068.05,8.294699,2.1,32475.8925,123975371,0.6765789661,0.3689566638,East Asia & Pacific,High income,"""Japan aims to reduce its greenhouse gas emissions by 60 percent in fiscal year (FY) 2035 and by 73 percent in FY 2040, respectively, from its FY 2013 levels, as ambitious targets aligned with the global 1.5°C goal and on a straight pathway towards the achievement of net zero by 2050.""",2/18/2025,In law,Yes,Yes,No,Yes,No,No,No,No
JOR,Jordan,Joined Agreement,2025 NDC (Third NDC),No,No,No,32.78,2.566998,0.1,4618.095925,11552876,0.3873092437,0.3663335577,Middle East & North Africa,Lower middle income,Jordan communicated several NAMAs that it expects to implement.,,No,No,No,No,No,No,No,No,No
KAZ,Kazakhstan,Joined Agreement,2020 NDC (Updated First NDC),Yes,Yes,In Law (2/2/2023)<br>In Policy Document (9/14/2021)<br>In Political Pledge (12/12/2020),338.98,16.721935,0.7,14005.34874,20592571,0.4764553523,0.3158404018,Europe & Central Asia,Upper middle income,Kazakhstan communicated a target of a 15 per cent emission reduction by 2020 compared with 1990 levels.*,,In policy document,No,No,No,No,No,No,No,Yes
KEN,Kenya,Joined Agreement,2025 NDC (Second NDC),No,No,No,83,2.029613,0.2,2206.134979,56432944,0.2607892868,0.5004828991,Sub-Saharan Africa,Lower middle income,"""Kenya aims to implement mitigation measures to achieve absolute emission reductions of 75 MtCO2eq by 2035. Out of the 75 MtCO2eq, unconditional measures are expected to lead to a 15 MtCO2eq emission reduction amount. An additional 60 MtCO2eq emission reduction is achievable if support is made available from international sources to cover the full cost for implementation.""",4/30/2025,No,No,No,No,No,No,No,No,No
KIR,Kiribati,Joined Agreement,2020 NDC (Updated First NDC),No,No,No,0.09,0.8228171,0.0,2288.634583,134518,0.4132904291,0.5569802901,East Asia & Pacific,Lower middle income,#N/A,,No,No,No,No,No,No,No,No,No
KWT,Kuwait,Joined Agreement,2020 NDC (Updated First NDC),No,Yes,In Political Pledge (11/8/2022),133.25,29.00405,0.3,32213.86223,4973861,0.4391200287,0.3616095849,Middle East & North Africa,High income,#N/A,,Announced,No,No,No,No,No,No,Yes,No
KGZ,Kyrgyzstan,Joined Agreement,2025 NDC (Third NDC),No,No,No,15.83,2.9513118,0.0,2419.265536,7224614,0.3341098181,0.3105885891,Europe & Central Asia,Lower middle income,"""Unconditional targets of NDC3.0 of the Kyrgyz Republic provide for a reduction of net GHG emissions by 18% from the projected baseline level of net emissions in 2030 and by 16% from the projected baseline level of net GHG emissions in 2035. Conditional targets of NDC3.0 of the Kyrgyz Republic provide for a reduction of net GHG emissions by 30% in 2030 from the projected baseline level of net GHG emissions for that year, and by 39% from the projected baseline level of net GHG emissions in 2035.""",10/2/2025,No,No,No,No,No,No,No,No,Yes
LAO,Laos,Joined Agreement,2020 NDC (Updated First NDC),No,Yes,In Policy Document (5/12/2021)<br>In Political Pledge (12/12/2020),45.91,6.9417143,0.1,2123.979094,7769819,0.2713788442,0.4857796778,East Asia & Pacific,Lower middle income,#N/A,,Announced,No,No,No,No,No,No,No,No
LVA,Latvia,Joined Agreement,2025 NDC (Second NDC),Yes,Yes,"In Policy Document (12/9/2020, 12/1/2019)",10.85,7.599611,0.0,23367.59868,1862441,0.5493399192,0.359746054,Europe & Central Asia,High income,"""An economy-wide net emissions reduction target by 2040 compared to 1990, including an adequate contribution of high-quality international credits under Article 6 of the Paris Agreement in a way that is both ambitious and cost-efficient, leading to an indicative contribution of an economy wide net reduction of between 66.25-72.5% in GHG emissions by 2035 compared to 1990.""",11/5/2025,In policy document,No,No,No,Yes,Yes,Yes,No,No
LBN,Lebanon,Joined Agreement,2025 NDC (Third NDC),Yes,No,No,15.7,4.338156,0.0,,5805962,0.2496834036,0.3990686858,Middle East & North Africa,Lower middle income,"""Under the NDC 3.0 Lebanon commits to reduce its national greenhouse gas emissions by 22% as an unconditional target and 33% as a conditional target compared to a Business- as-usual Scenario (BAU) by 2035. It also commits to generating 25% of its electricity demand from renewable energy as an unconditional target and 30% as a conditional target by 2035.""",9/30/2025,In policy document,No,No,No,No,No,No,No,No
LSO,Lesotho,Joined Agreement,2025 NDC (Second NDC),No,No,No,3.86,2.6752167,0.0,971.8146205,2337423,0.2694694838,0.4720660397,Sub-Saharan Africa,Lower middle income,#N/A,,No,No,No,No,No,No,No,No,No
LBR,Liberia,Joined Agreement,2025 NDC (Third NDC),No,Yes,In Policy Document (8/27/2018),14.97,4.3274226,0.0,846.2773684,5612817,0.2375115572,0.5378438785,Sub-Saharan Africa,Low income,"""Liberia reaffirms its ambitious commitment to reduce economy-wide greenhouse gas emissions by 64% by 2035. However, following a change in the base year from 2015 to 2022—where the calculation of emissions rose from 5,695 GgCO₂e to 12,471 GgCO₂e due to improved data and methodologies—this reflects a three-fold increase in GHG emissions. As a result, Liberia updated its Business-As-Usual (BAU) and mitigation scenarios. The revised 2035 targets are: an unconditional reduction of 5,551 GgCO₂e (10%) and a conditional reduction of 29,974 GgCO₂e (54%), contingent on international support.",9/24/2025,In policy document,No,No,No,No,No,No,No,No
LBY,Libya,Signed Agreement,No Document Submitted,No,No,No,103.82,13.056796,0.2,6318.40314,7381023,0.2808193397,0.4156189417,Middle East & North Africa,Upper middle income,#N/A,,No,No,No,No,No,No,No,Yes,No
LIE,Liechtenstein,Joined Agreement,2025 NDC (Second NDC),No,No,No,0.18,4.3638263,0.0,,40197,0.6329201922,,Europe & Central Asia,High income,"""Specifically, Liechtenstein aims to achieve the following targets:<br><ul><li>By 2030, reduce annual GHG emissions by at least 55% compared to 1990 emission levels;</li><li>by 2035, reduce annual GHG emissions by at least 68% compared to 1990 emission levels;</li><li>by 2050, achieve net-zero emissions.""</li></ul>",9/10/2025,No,No,No,No,No,No,No,No,No
LTU,Lithuania,Joined Agreement,2025 NDC (Second NDC),Yes,Yes,In Policy Document (11/2/2021)<br>In Political Pledge (11/2/2021),24.53,7.9542613,0.0,29386.28784,2888055,0.5641595909,0.3596426391,Europe & Central Asia,High income,"""An economy-wide net emissions reduction target by 2040 compared to 1990, including an adequate contribution of high-quality international credits under Article 6 of the Paris Agreement in a way that is both ambitious and cost-efficient, leading to an indicative contribution of an economy wide net reduction of between 66.25-72.5% in GHG emissions by 2035 compared to 1990.""",11/5/2025,In policy document,No,No,No,Yes,Yes,Yes,No,No
LUX,Luxembourg,Joined Agreement,2025 NDC (Second NDC),Yes,Yes,In Policy Document (11/2/2021)<br>In Law (12/20/2020),7.84,11.861919,0.0,137516.5873,677717,0.664548701,0.3113270103,Europe & Central Asia,High income,"""An economy-wide net emissions reduction target by 2040 compared to 1990, including an adequate contribution of high-quality international credits under Article 6 of the Paris Agreement in a way that is both ambitious and cost-efficient, leading to an indicative contribution of an economy wide net reduction of between 66.25-72.5% in GHG emissions by 2035 compared to 1990.""",11/5/2025,In law,No,No,No,Yes,Yes,Yes,No,No
MDG,Madagascar,Joined Agreement,2025 NDC (Third NDC),No,No,No,43.45,1.8539004,0.1,544.9973027,31964956,0.2166740802,0.5575119348,Sub-Saharan Africa,Low income,Madagascar communicated several NAMAs.,,No,No,No,No,No,No,No,No,No
MWI,Malawi,Joined Agreement,2020 NDC (Updated First NDC),No,Yes,In Political Pledge (12/12/2020),20.4,1.4078493,0.0,508.3712735,21655286,0.2450130172,0.5490174917,Sub-Saharan Africa,Low income,"Malawi communicated that, through the process of preparation of its initial and second national communications and national stakeholder forums, it has identified several mitigation options.",,Announced,No,No,No,No,No,No,No,No
MYS,Malaysia,Joined Agreement,2025 NDC (Updated First NDC),No,Yes,In Policy Document (09/27/2021),387.45,11.832567,0.8,11867.25864,35557673,0.474238733,0.3669267015,East Asia & Pacific,Upper middle income,“Malaysia intends to achieve an absolute reduction of 15–30 million tonnes of CO₂ equivalent (MtCO₂eq) by 2035 from the peak level.”,10/24/2025,Announced,No,No,No,No,No,No,No,No
MDV,Maldives,Joined Agreement,2025 NDC (Third NDC),No,Yes,In Law (4/29/2021)<br>In Policy Document (12/28/2020)<br>In Political Pledge (12/12/2020),2.38,4.3923173,0.0,13215.53536,527799,0.4108802562,0.5503948393,South Asia,Upper middle income,"""The Maldives is committed to reduce 1.52 million tonnes of CO2 eq in 2035, conditional on receiving adequate support and financial resources, technology, capacity building, and other means of implementation in the context of sustainable development.""<br>""Target is set relative to the projected emissions upto 2035 under the BAU scenario which is 6.03 million tonnes of CO2 eq.""",2/27/2025,In law,No,No,No,No,No,No,No,No
MLI,Mali,Joined Agreement,2020 NDC (Updated First NDC),No,No,No,47.3,2.8594348,0.1,1086.176218,24478595,0.2719826165,0.5755365106,Sub-Saharan Africa,Low income,#N/A,,No,No,No,No,No,No,No,No,No
MLT,Malta,Joined Agreement,2025 NDC (Second NDC),Yes,Yes,In Policy Document (11/12/2021),2.44,3.7447104,0.0,42347.30739,574346,0.4373061863,0.3197190097,Middle East & North Africa,High income,"""An economy-wide net emissions reduction target by 2040 compared to 1990, including an adequate contribution of high-quality international credits under Article 6 of the Paris Agreement in a way that is both ambitious and cost-efficient, leading to an indicative contribution of an economy wide net reduction of between 66.25-72.5% in GHG emissions by 2035 compared to 1990.""",11/5/2025,In policy document,No,No,No,No,No,Yes,No,No
MHL,Marshall Islands,Joined Agreement,2025 NDC (Third NDC),Yes,Yes,"In Policy Document (11/22/2018, 9/25/2018)",0.14,#N/A,0.0,7466.651865,37548,0.4002731919,0.5898966756,East Asia & Pacific,Upper middle income,"""RMI hereby confirms its indicative 2035 target set out in the previous NDC - an absolute reduction in GHG emissions of at least 58% below 2010 levels by 2035, covering all major gases and sector.""",2/10/2025,In policy document,No,No,No,No,No,No,No,No
MRT,Mauritania,Joined Agreement,2025 NDC (Third NDC),No,Yes,In Policy Document (9/23/2021); In Political Pledge (11/1/2021),18.6,3.5145829,0.0,2082.783744,5169395,0.3155762183,0.5783376928,Sub-Saharan Africa,Lower middle income,"Mauritania commits to a reduction of 75.8% (i.e. 17,433.84 Gg CO2eq) in 2035 compared to the reference level (BAU), including an unconditional reduction of 8.1% (i.e. 1,873 Gg
  CO2eq) and a conditional reduction of 67.7% (i.e. 15,561 Gg CO2eq).",10/28/2025,In policy document,No,No,No,No,No,No,Yes,No
MUS,Mauritius,Joined Agreement,2025 NDC (Third NDC),No,Yes,In Political Pledge (12/12/2020),6.81,3.9627595,0.0,11871.73368,1259509,0.5224724052,0.4118613996,Sub-Saharan Africa,Upper middle income,"""The Republic of Mauritius aims to reduce overall GHG emissions by 40% in 2035 compared to the Business as Usual (BAU) scenario of about 7385 Gg CO2e including Land Use, Land Use Change and Forestry (LULUCF) in 2035. This economy-wide emissions reduction target comprises sector specific mitigation targets for energy, transport, waste, Agriculture, Forestry and Other Land Use (AFOLU) and IPPU.""",9/29/2025,Announced,No,No,No,No,No,No,No,No
MEX,Mexico,Joined Agreement,2025 NDC (Third NDC),Yes,Yes,In Political Pledge (11/21/2024),666.3,5.995626,1.3,14157.94458,130861007,0.3020052904,0.3865096925,Latin America & Caribbean,Upper middle income,Mexico communicated that it aims to reduce its GHG emissions by up to 30 per cent compared with the 'business as usual' scenario by 2020.,,Announced,Yes,No,No,Yes,No,No,No,No
FSM,Micronesia,Joined Agreement,2025 NDC (Third NDC),No,Yes,In Political Pledge (10/17/2022),0.19,1.524515,0.0,4166.004767,113160,0.3699668755,0.6211892555,East Asia & Pacific,Lower middle income,"""Compared to a Business-as-Usual projection of 222 ktCO₂e in 2030 and 231 ktCO₂e in 2035, the implementation of measures can reduce emissions to 153 ktCO₂e in 2030 and 149 ktCO₂e in 2035, representing reductions of roughly 31% and 35% respectively, while safeguarding development priorities.""",9/24/2025,Announced,No,No,No,No,No,No,No,No
MDA,Moldova,Joined Agreement,2025 NDC (Third NDC),No,No,No,12.6,2.2820518,0.0,7617.516131,2389275,0.4087327896,0.393818146,Europe & Central Asia,Upper middle income,"""Pursuant to paragraph 2 of Decision 6/CMA.3, the country’s absolute economywide target for 2035 is to reduce its net GHG emissions by 75 percent below its 1990 level.""",5/6/2025,In law,No,No,No,No,No,No,No,Yes
MCO,Monaco,Joined Agreement,2025 NDC (Second NDC),No,Yes,In Policy Document (12/27/2020),#N/A,#N/A,#N/A,,38631,0.6593369016,,#N/A,#N/A,"""As part of this Nationally Determined Contribution, the Principality of Monaco has set itself the objective of reducing its greenhouse gas emissions by 67.6% by 2035 compared to 1990.""",7/16/2025,In policy document,No,No,No,No,No,Yes,No,No
MNG,Mongolia,Joined Agreement,2025 NDC (Third NDC),No,Yes,In Political Pledge (11/7/2022),82.01,27.010397,0.2,6691.482098,3524788,0.405699554,0.3653103659,East Asia & Pacific,Upper middle income,"""Compared to the BAU scenario, Mongolia aims to reduce its GHG emissions by 30.3% through unconditional measures, reaching 46.3% with net emissions including forest removals, and up to 52.8% with conditional measures in 2035.""",9/24/2025,Announced,No,No,No,No,No,No,No,No
MNE,Montenegro,Joined Agreement,2025 NDC (Third NDC),No,Yes,In Political Pledge (11/1/2021),3.48,2.435138,0.0,12935.45227,623831,0.4293836598,0.3632297973,Europe & Central Asia,Upper middle income,"""Economy-wide net domestic reduction in GHG emissions of at least 55% by 2030 and 60% by 2035, compared to 1990 levels.""",2/21/2025,Announced,No,No,No,No,Yes,No,No,No
MAR,Morocco,Joined Agreement,2025 NDC (Third NDC),Yes,Yes,In Policy Document (12/21/2021),101.02,2.8247437,0.2,3993.387451,38081173,0.3825861586,0.3682608485,Middle East & North Africa,Lower middle income,"""An unconditional net reduction in GHG emissions across the economy of 21.6% in 2035 compared to the baseline scenario (Normal Business Course), with the country's own resources, and secure international support to date. A conditional net reduction in economy-wide GHG emissions of 31.4% in 2035 compared to the Reference Case (Normal Business Course), thus raising the national ambition to reduce GHG emissions to 53% in 2035 compared to the Reference Case (NAC).""",9/30/2025,In policy document,No,No,No,No,No,No,No,No
MOZ,Mozambique,Joined Agreement,2025 NDC (Third NDC),No,No,No,119.49,2.0768635,0.2,647.2857995,34631766,0.2368344082,0.493088995,Sub-Saharan Africa,Low income,"""The target year is 2035. The emissions reduction target is under development and will be followed by extensive technical review and consultations. An emissions reduction target of between 15% and 25% of baseline is envisaged (BUR2 2020)""",11/5/2025,No,No,No,No,No,No,No,No,No
MMR,Myanmar,Joined Agreement,2020 NDC (Updated First NDC),No,No,No,215.08,3.7941098,0.4,1359.259614,54500091,0.2372302541,0.5143405572,East Asia & Pacific,Lower middle income,#N/A,,No,No,No,No,No,No,No,No,No
NAM,Namibia,Joined Agreement,2020 NDC (Updated First NDC),No,Yes,In Policy Document (7/30/2021),22.23,7.6196637,0.0,4413.127442,3030131,0.3463300795,0.4540561256,Sub-Saharan Africa,Lower middle income,#N/A,,In policy document,No,No,No,No,No,No,No,No
NRU,Nauru,Joined Agreement,2020 NDC (Updated First NDC),No,Yes,In Political Pledge (12/12/2020),0.06,5.032321,0.0,13421.83306,11947,0.5604735993,0.5091334962,East Asia & Pacific,High income,#N/A,,In policy document,No,No,No,No,No,No,No,No
NPL,Nepal,Joined Agreement,2025 NDC (Third NDC),Yes,Yes,In Policy Document (10/31/2021)<br>In Political Pledge (12/12/2020),56.72,2.0587919,0.1,1447.310045,29651054,0.3289420248,0.4900277287,South Asia,Lower middle income,"""Compared to the Business-As-Usual (BAU) Scenario, the quantified mitigation targets will reduce net GHG emissions and removals by 8,866.53 GgCO2eq (17.12%) in 2030 and 16,627.80 GgCO2eq (26.79%) in 2035...Around 96% by 2030 and 97% by 2035 of total targeted emission reductions are conditional upon international climate finance and support.""",5/19/2025,In policy document,No,No,No,No,No,No,No,No
NLD,Netherlands,Joined Agreement,2025 NDC (Second NDC),Yes,Yes,In Law (1/1/2020),155.16,8.464481,0.3,68218.7261,17994237,0.6870853804,0.3538795722,Europe & Central Asia,High income,"""An economy-wide net emissions reduction target by 2040 compared to 1990, including an adequate contribution of high-quality international credits under Article 6 of the Paris Agreement in a way that is both ambitious and cost-efficient, leading to an indicative contribution of an economy wide net reduction of between 66.25-72.5% in GHG emissions by 2035 compared to 1990.""",11/5/2025,In law,No,No,No,Yes,Yes,Yes,No,No
NZL,New Zealand,Joined Agreement,2025 NDC (Second NDC),Yes,Yes,"In Policy Document (1/31/2025, 11/4/2021)<br>In Law (11/13/2019)",68.8,15.327759,0.1,48747.01369,5338500,0.7048642211,0.3042622157,East Asia & Pacific,High income,"New Zealand commits to ""reduce net greenhouse gas emissions to 51–55 per cent below gross 2005 levels by 2035.""",1/31/2025,In law,No,No,No,Yes,No,No,No,No
NIC,Nicaragua,Joined Agreement,2025 NDC (Second NDC),No,No,No,40.16,6.142535,0.1,2847.539663,6916140,0.2111640347,0.445563118,Latin America & Caribbean,Lower middle income,"""Energy Sector: By 2030, 65% of the installed capacity of the electricity matrix must come from renewable energy sources""<br>""Land Use, Land Use Change and Forestry Sector: Increase in carbon absorption capacity by 25% compared to the 2030 Reference Scenario.""",9/19/2025,No,No,No,No,No,No,No,No,No
NER,Niger,Joined Agreement,2020 NDC (Updated First NDC),No,No,No,47.05,2.3216276,0.1,722.7486503,27032412,0.3256654406,0.6329805207,Sub-Saharan Africa,Low income,#N/A,,No,No,No,No,No,No,No,Yes,No
NGA,Nigeria,Joined Agreement,2025 NDC (Third NDC),Yes,Yes,In Law (11/18/2021)<br>In Policy Document (4/25/2024)<br>In Political Pledge (11/2/2021),353.74,1.7547619,0.7,806.9456951,232679478,0.2223742915,0.4810849767,Sub-Saharan Africa,Lower middle income,"""The Federal Republic of Nigeria sets an ambitious target to achieve an absolute emissions reduction of 184.9 Mt CO2e in 2035 from the emissions of 573.5 Mt CO2e in 2018, which represents a 32.2% reduction.""",9/22/2025,In law,No,No,No,No,No,No,Yes,No
NIU,Niue,Joined Agreement,2025 NDC (Third NDC),No,No,No,#N/A,#N/A,#N/A,#N/A,#N/A,#N/A,#N/A,#N/A,#N/A,#N/A,7/17/2025,No,No,No,No,No,No,No,No,No
PRK,North Korea,Joined Agreement,2020 NDC (Updated First NDC),No,No,No,78.01,3.139749,0.2,,26498823,0.2716840471,0.4603266051,East Asia & Pacific,Low income,#N/A,,No,No,No,No,No,No,No,No,No
MKD,North Macedonia,Joined Agreement,2020 NDC (Updated First NDC),Yes,No,No,11.79,4.8688025,0.0,9310.0279,1792179,0.4217481273,0.3722760578,Europe & Central Asia,Upper middle income,The former Yugoslav Republic of Macedonia communicated several NAMAs derived from its second national communication.,,No,No,No,No,No,Yes,No,No,No
NOR,Norway,Joined Agreement,2025 NDC (Second NDC),Yes,Yes,In Policy Document (1/8/2021),30.76,12.848329,0.1,86809.72469,5572272,0.7914038552,0.2556147185,Europe & Central Asia,High income,"""At least 70-75 per cent reduction in greenhouse gas emissions in 2035 compared to 1990 levels.""",6/26/2025,In policy document,No,No,No,Yes,Yes,No,No,No
OMN,Oman,Joined Agreement,2020 NDC (Second NDC),Yes,Yes,"In Policy Document (11/29/2023, 5/2/2023)",106.92,24.342081,0.2,20248.41681,5281538,0.4652619459,0.4202169539,Middle East & North Africa,High income,#N/A,,In policy document,No,No,No,No,No,No,Yes,No
PAK,Pakistan,Joined Agreement,2025 NDC (Third NDC),No,No,No,606.92,2.1087584,1.2,1484.749859,251269164,0.2729419712,0.5151334659,Middle East & North Africa,Lower middle income,"""Pakistan aims to reduce of its 2035 projected GHG emissions by 50 percent (17% unconditional and 33% conditional) subject to provision of adequate, grants-based, additional and new international climate financing, complemented by transfer of technology and capacity building.""",9/24/2025,No,No,No,No,No,No,No,No,No
PLW,Palau,Joined Agreement,Only First NDC,No,No,No,0.21,17.012632,0.0,,17695,0.4154773416,0.5126162592,East Asia & Pacific,High income,#N/A,,No,No,No,No,No,No,No,No,No
PSE,Palestine,Joined Agreement,2020 NDC (Updated First NDC),No,No,No,#N/A,#N/A,#N/A,2592.305912,5289152,#N/A,#N/A,#N/A,#N/A,#N/A,,No,No,No,No,No,No,No,No,No
PAN,Panama,Joined Agreement,2025 NDC (Third NDC),Yes,Yes,"In Policy Document (6/18/2024, 12/27/2020)",25.88,5.6780796,0.1,19102.85219,4515577,0.3190847219,0.406459591,Latin America & Caribbean,High income,"""An 11% reduction in emissions by 2035 compared to the BAU scenario (excluding LULUCF), and could reach 17% if the international community provides Panama with the financial resources and support necessary to implement the corresponding measures.""",9/30/2025,In policy document,No,No,No,No,No,No,No,No
PNG,Papua New Guinea,Joined Agreement,2020 NDC (Second NDC),No,Yes,In Policy Document (12/16/2021),50.41,5.0900984,0.1,3076.487862,10576502,0.2543190863,0.549570184,East Asia & Pacific,Lower middle income,"Papua New Guinea communicated that it is aiming to decrease its GHG emissions by at least 50 per cent before 2030, while becoming carbon-neutral before 2050.",,In policy document,No,No,No,No,No,No,No,No
PRY,Paraguay,Joined Agreement,2025 NDC (Third NDC),No,No,No,89.92,11.994069,0.2,6416.09709,6929153,0.2841818082,0.3724506281,Latin America & Caribbean,Upper middle income,"""Paraguay commits to an unconditional reduction of 10% of national net greenhouse gas (GHG) emissions in 2030 and 2035 compared to the national net GHG emissions projected for 2030 and 2035 in the BaU scenario. Paraguay also aspires to an additional 10% reduction conditional on international support in means of implementation (financing, capacity building and technology transfer) in the years 2030 and 2035.""",11/6/2025,No,No,No,No,No,No,No,No,No
PER,Peru,Joined Agreement,2025 NDC (Third NDC),Yes,Yes,In Policy Document (12/18/2020),202.62,4.1485887,0.4,8452.37167,34217848,0.3328589136,0.4091395365,Latin America & Caribbean,Upper middle income,"""Peru establishes as a monitoring indicator for the National Mitigation Commitment (CNM) presented in this NDC 3.0, to reach a level of GHG emissions that do not exceed 179MtCO2eq by 2035, which will be reflected in the National Greenhouse Gas Inventories (INGEI).""",11/6/2025,In policy document,No,No,No,No,No,No,No,No
PHL,Philippines,Joined Agreement,2020 NDC (First NDC),No,No,No,253.07,2.475421,0.5,3984.831539,115843670,0.3115898651,0.4438312966,East Asia & Pacific,Lower middle income,#N/A,,No,No,No,No,No,No,No,No,No
POL,Poland,Joined Agreement,2025 NDC (Second NDC),No,No,No,344.23,8.743331,0.7,25022.67164,36554707,0.5148733769,0.3056531328,Europe & Central Asia,High income,"""An economy-wide net emissions reduction target by 2040 compared to 1990, including an adequate contribution of high-quality international credits under Article 6 of the Paris Agreement in a way that is both ambitious and cost-efficient, leading to an indicative contribution of an economy wide net reduction of between 66.25-72.5% in GHG emissions by 2035 compared to 1990.""",11/5/2025,No,No,No,No,Yes,Yes,Yes,No,No
PRT,Portugal,Joined Agreement,2025 NDC (Second NDC),Yes,Yes,In Law (12/31/2021)<br>In Policy Document (9/20/2019),54.69,5.1906157,0.1,28844.49792,10701636,0.5481114677,0.3184901708,Europe & Central Asia,High income,"""An economy-wide net emissions reduction target by 2040 compared to 1990, including an adequate contribution of high-quality international credits under Article 6 of the Paris Agreement in a way that is both ambitious and cost-efficient, leading to an indicative contribution of an economy wide net reduction of between 66.25-72.5% in GHG emissions by 2035 compared to 1990.""",11/5/2025,In law,No,No,No,Yes,Yes,Yes,No,No
QAT,Qatar,Joined Agreement,2020 NDC (Updated First NDC),No,No,No,129.39,68.46738,0.3,76275.90768,2857822,0.5120853986,0.3512944667,Middle East & North Africa,High income,#N/A,,No,No,No,No,No,No,No,Yes,No
ROU,Romania,Joined Agreement,2025 NDC (Second NDC),No,Yes,In Policy Document (12/7/2023),79.09,5.0648828,0.2,20072.40792,19069340,0.4406817979,0.4117794837,Europe & Central Asia,High income,"""An economy-wide net emissions reduction target by 2040 compared to 1990, including an adequate contribution of high-quality international credits under Article 6 of the Paris Agreement in a way that is both ambitious and cost-efficient, leading to an indicative contribution of an economy wide net reduction of between 66.25-72.5% in GHG emissions by 2035 compared to 1990.""",11/5/2025,In policy document,No,No,No,No,Yes,Yes,No,No
RUS,Russia,Joined Agreement,2025 NDC (Second NDC),Yes,Yes,In Law (10/29/2021)<br>In Political Pledge (10/13/2021),1886.05,18.50288,3.7,14889.01855,143533851,0.4564751635,0.323741141,Europe & Central Asia,High income,"""Reduction of greenhouse gas emissions by 2035 by up to 65–67 % compared to the 1990 level considering the maximum possible absorptive capacity of forests and other ecosystems and subject to sustainable and balanced, socio-economic development of the Russian Federation and its non-discriminatory access to equipment and technologies, necessary to reduce (mitigate) greenhouse gas emissions and/or increase its removals (absorption).""",9/29/2025,Announced,Yes,No,Yes,No,No,No,No,Yes
RWA,Rwanda,Joined Agreement,2025 NDC (Third NDC),No,Yes,In Political Pledge (11/2/2021),9.8,0.7667532,0.0,999.6545614,14256567,0.4386474226,0.5672788678,Sub-Saharan Africa,Low income,"""Unconditional contribution: A reduction of 7 per cent (%) relative to BAU in the year 2035; equivalent to an estimated mitigation level of 1.84 million tonnes of carbon dioxide equivalent (tCO2e) in that year. This is an unconditional target, based on domestically supported and implemented mitigation policies and measures. Conditional contribution: An additional reduction of 46% relative to BAU in the year 2035, equivalent to an estimated additional mitigation level of 13.02 million tCO2e in that year. This represents an additional contribution, conditional on the provision of international support and funding.""",11/9/2025,In policy document,No,No,No,No,No,No,No,No
KNA,Saint Kitts and Nevis,Joined Agreement,2020 NDC (Updated First NDC),No,No,No,0.28,5.745321,0.0,22771.41689,46843,0.5212693638,,Latin America & Caribbean,High income,#N/A,,No,No,No,No,No,No,No,No,No
LCA,Saint Lucia,Joined Agreement,2025 NDC (Third NDC),No,No,No,0.48,3.1926894,0.0,14181.63034,179744,0.4251002888,0.3751029155,Latin America & Caribbean,Upper middle income,"""For 2035, Saint Lucia pledges at least 22% reduction in energy sector emissions and 46% renewable energy penetration from solar and wind plus battery storage, and a possible further reduction conditional upon the timely completion of a planned 32MW geothermal power plant. Additionally, Saint Lucia is adding 2 new sub sectors: IPPU 2F, with targets for replacing ozone depleting substances and AFOLU 3B, with targets for reforestation.""",2/6/2025,No,No,No,No,No,No,No,No,No
VCT,Saint Vincent and the Grenadines,Joined Agreement,2020 NDC (Second NDC),No,No,No,0.29,2.8070838,0.0,11501.22652,100616,0.491411365,0.4314534912,Latin America & Caribbean,Upper middle income,#N/A,,No,No,No,No,No,No,No,No,No
WSM,Samoa,Joined Agreement,2020 NDC (Second NDC),No,No,No,0.52,1.7373837,0.0,4898.771408,218019,0.4207280988,0.5132912068,East Asia & Pacific,Upper middle income,#N/A,,No,No,No,No,No,No,No,No,No
SMR,San Marino,Joined Agreement,Only First NDC,No,No,No,#N/A,#N/A,#N/A,,33977,0.6336582228,,#N/A,#N/A,San Marino communicated several NAMAs.,,No,No,No,No,No,No,Yes,No,No
STP,São Tomé and Principe,Joined Agreement,2025 NDC (Third NDC),No,No,No,0.42,1.256764,0.0,3244.828997,235536,0.3851644068,0.5418009964,Sub-Saharan Africa,Lower middle income,"""35.4% reduction in GHG emissions in 2035, relative to the BAU scenario, excluding the LULUCF sector.""",9/30/2025,No,No,No,No,No,No,No,No,No
SAU,Saudi Arabia,Joined Agreement,2020 NDC (Updated First NDC),No,Yes,In Political Pledge (10/23/21),793.61,26.427357,1.6,35057.22523,35300280,0.5656748949,0.4082467948,Middle East & North Africa,High income,#N/A,,Announced,Yes,No,No,No,No,No,Yes,No
SEN,Senegal,Joined Agreement,2020 NDC (First NDC),No,No,No,36.62,1.7851831,0.1,1743.988884,18501984,0.3424539765,0.5348560014,Sub-Saharan Africa,Lower middle income,#N/A,,No,No,No,No,No,No,No,No,No
SRB,Serbia,Joined Agreement,2025 NDC (Third NDC),Yes,No,No,68.81,6.775233,0.1,13523.72468,6587202,0.3970129074,0.4215162617,Europe & Central Asia,Upper middle income,"""An increase of ambitions regarding the reduction of greenhouse gas emissions to 40.1% by 2035 compared to the level of greenhouse gas emissions in 1990.""",9/12/2025,No,No,No,No,No,No,No,No,No
SYC,Seychelles,Joined Agreement,2025 NDC (Third NDC),No,Yes,In Policy Document (7/30/2021),0.92,5.1475177,0.0,17858.82264,121354,0.5200766073,0.4441412756,Sub-Saharan Africa,High income,"""Emission reduction target is 23.1% (204 ktCO2e reduction) relative to business-as usual emissions in 2035. This constitutes an increase in ambition compared to the Seychelles’ NDC 2.0, as it will allow achieving a reduction of 35.7% compared to the BAU for 2030, whereas in the NDC 2.0 the WEM was projected to be 26.4% below BAU.""",9/30/2025,In policy document,No,No,No,No,No,No,No,No
SLE,Sierra Leone,Joined Agreement,2020 NDC (Updated First NDC),No,No,No,10.41,1.965492,0.0,873.3885752,8642022,0.2724102913,0.5972572629,Sub-Saharan Africa,Low income,"Sierra Leone communicated that, in a bid to make a significant contribution towards the reduction of the sources and potential sources of GHG emissions and to the enhancement of carbon sinks, it would undertake several NAMAs.",,No,No,No,No,No,No,No,No,No
SGP,Singapore,Joined Agreement,2025 NDC (Second NDC),Yes,Yes,"In Policy Document (11/3/22, 3/31/2020)",64.41,9.839081,0.1,90674.06663,6036860,0.8044969764,0.388692488,East Asia & Pacific,High income,"""Singapore intends to reduce emissions to between 45 to 50 million tonnes of carbon dioxide equivalent (MtCO2e) in 2035""",2/10/2025,In policy document,No,No,No,No,No,No,No,No
SVK,Slovakia,Joined Agreement,2025 NDC (Second NDC),Yes,Yes,In Policy Document (3/30/2020),34.26,4.939766,0.1,26147.90284,5422069,0.463590697,0.3602170816,Europe & Central Asia,High income,"""An economy-wide net emissions reduction target by 2040 compared to 1990, including an adequate contribution of high-quality international credits under Article 6 of the Paris Agreement in a way that is both ambitious and cost-efficient, leading to an indicative contribution of an economy wide net reduction of between 66.25-72.5% in GHG emissions by 2035 compared to 1990.""",11/5/2025,In policy document,No,No,No,Yes,Yes,Yes,No,No
SVN,Slovenia,Joined Agreement,2025 NDC (Second NDC),Yes,Yes,In Policy Document (2/27/2020),15.53,7.784542,0.0,34089.35277,2126324,0.5712648547,0.3143255951,Europe & Central Asia,High income,"""An economy-wide net emissions reduction target by 2040 compared to 1990, including an adequate contribution of high-quality international credits under Article 6 of the Paris Agreement in a way that is both ambitious and cost-efficient, leading to an indicative contribution of an economy wide net reduction of between 66.25-72.5% in GHG emissions by 2035 compared to 1990.""",11/5/2025,Proposed legislation,No,No,No,Yes,Yes,Yes,No,No
SLB,Solomon Islands,Joined Agreement,2025 NDC (Third NDC),Yes,Yes,In Policy Document (7/21/2021),45.81,3.8024633,0.1,2149.379573,819198,0.3651278464,0.6292526959,East Asia & Pacific,Lower middle income,"""Under this NDC the Solomon Islands is committed to reducing GHG emissions in 2035 without additional removals by 97.1 ktCO2e (-8%) under a with measures scenario, and 208.7 ktCO2e (-17%) under a with additional measures scenario. Considering additional removals from planned afforestation/reforestation projects by 2035, the reduced GHG emissions plus removals under the with additional measure scenario is 408.7.6 ktCO2e (-34%).""",8/13/2025,In policy document,No,No,No,No,No,No,No,No
SOM,Somalia,Joined Agreement,2025 NDC (Third NDC),No,No,No,46.55,2.480831,0.1,636.9834776,19009151,0.3250600464,0.610504401,Sub-Saharan Africa,Low income,"""As a result, the country’s mitigation contribution takes the form of both conditional and unconditional reduction in GHG emissions relative to a business-as-usual (BAU) emissions baseline over the period 2025 to 2035. Total emission reduction target is 34%, with 29% under conditional reduction while 5% under unconditional.""",9/8/2025,No,No,No,No,No,No,No,No,No
ZAF,South Africa,Joined Agreement,2025 NDC (Second NDC),Yes,Yes,In Policy Document (8/31/2022),499.16,8.114822,1.0,6253.371582,64007187,0.32659974,0.3946477499,Sub-Saharan Africa,Upper middle income,"""South Africa’s annual GHG emissions will be in a range from 320-380 Mt CO2-eq in 2035""",10/24/2025,In policy document,Yes,No,Yes,No,No,No,No,No
KOR,South Korea,Joined Agreement,2020 NDC (Updated First NDC),Yes,Yes,In Law (9/24/2021)<br>In Policy Document (12/30/2020),637.83,12.115312,1.3,,51751065,0.7050030801,0.3568861655,East Asia & Pacific,High income,The Republic of Korea communicated that it aims to reduce its national GHG emissions by 30 per cent from the 'business as usual' emissions in 2020.,,In policy document,Yes,No,No,Yes,No,No,No,No
SSD,South Sudan,Joined Agreement,2020 NDC (Second NDC),No,No,No,67.42,5.599266,0.1,,11943408,#N/A,#N/A,Sub-Saharan Africa,Low income,#N/A,,No,No,No,No,No,No,No,No,No
ESP,Spain,Joined Agreement,2025 NDC (Second NDC),Yes,Yes,In Law (5/27/2021)<br>In Policy Document (12/11/2020),274.82,5.898736,0.5,35297.0095,48807137,0.5064244814,0.3047359384,Europe & Central Asia,High income,"""An economy-wide net emissions reduction target by 2040 compared to 1990, including an adequate contribution of high-quality international credits under Article 6 of the Paris Agreement in a way that is both ambitious and cost-efficient, leading to an indicative contribution of an economy wide net reduction of between 66.25-72.5% in GHG emissions by 2035 compared to 1990.""",11/5/2025,In law,No,No,No,Yes,Yes,Yes,No,No
LKA,Sri Lanka,Joined Agreement,2025 NDC (Third NDC),Yes,Yes,"In Policy Document (6/5/2023, 7/30/2021)",37.42,1.7920911,0.1,4515.567873,21916000,0.3536403951,0.4746654037,South Asia,Lower middle income,"""Sri Lanka’s third Nationally Determined Contributions (NDC 3.0) builds upon the updated 2021 NDCs (NDC 2.0), while affirming more ambitious mitigation targets and enhancements in climate resilience for the period 2026 to 2035, in compliance with the Paris Agreement. It includes climate actions in six mitigation sectors, nine adaptation sectors, and loss & damage as a cross-cutting sector. The country commits to reduce the cumulative GHG emissions by 20.09% (8.11% unconditionally and 11.98% conditionally) and to increase net removal of carbon by 4.49% (0.96% unconditionally and 3.53% conditionally) with respect to the business-as-usual (BAU) scenario during the ten-year period.""",9/25/2025,In policy document,No,No,No,No,No,No,No,No
SDN,Sudan,Joined Agreement,2020 NDC (Updated First NDC),No,No,No,133.01,2.979267,0.3,989.3128662,50448963,0.21576253,0.6119211811,Sub-Saharan Africa,Low income,#N/A,,No,No,No,No,No,No,No,Yes,No
SUR,Suriname,Joined Agreement,2025 NDC (Third NDC),No,No,No,13.35,9.995799,0.0,7430.702192,634431,0.2906805971,0.4036761387,Latin America & Caribbean,Upper middle income,#N/A,,Achieved,No,No,No,No,No,No,No,No
SWE,Sweden,Joined Agreement,2025 NDC (Second NDC),Yes,Yes,In Policy Document (12/11/2020)<br>In Law (6/15/2017),34.15,6.6562405,0.1,57723.2345,10569709,0.738968617,0.3170483675,Europe & Central Asia,High income,"""An economy-wide net emissions reduction target by 2040 compared to 1990, including an adequate contribution of high-quality international credits under Article 6 of the Paris Agreement in a way that is both ambitious and cost-efficient, leading to an indicative contribution of an economy wide net reduction of between 66.25-72.5% in GHG emissions by 2035 compared to 1990.""",11/5/2025,In law,No,No,No,Yes,Yes,Yes,No,No
CHE,Switzerland,Joined Agreement,2025 NDC (Second NDC),Yes,Yes,"In Law (6/18/2023)<br>In Policy Document (1/29/2025, 11/13/2024, 8/28/2019)",41.47,4.5155125,0.1,103669.872,9034102,0.709137405,0.2512584523,Europe & Central Asia,High income,"""Switzerland’s second NDC is to reduce its greenhouse gas emissions by at least 65 percent by 2035 compared to 1990 levels, to be implemented as an emission budget covering 2031–2035. Thus, the target corresponds to a greenhouse gas budget of 106.8 million tonnes of CO2 equivalents1 , which is equivalent to an average reduction of greenhouse gas emissions by at least 59 percent over the period 2031–2035.""",1/29/2025,In law,No,No,No,Yes,No,No,No,No
SYR,Syria,Joined Agreement,Only First NDC,No,No,No,78.29,1.6163384,0.2,,24672760,0.2004050078,0.4863577616,Middle East & North Africa,Low income,#N/A,,No,No,No,No,No,No,No,No,No
TJK,Tajikistan,Joined Agreement,2020 NDC (Updated First NDC),No,No,In Political Pledge,18.3,2.0406814,0.0,1341.20229,10590927,0.2735524346,0.3560715125,Europe & Central Asia,Lower middle income,Tajikistan communicated several NAMAs.,,Announced,No,No,No,No,No,No,No,Yes
TZA,Tanzania,Joined Agreement,2020 NDC (Updated First NDC),No,No,No,179.23,3.1402936,0.4,1185.745483,68560157,0.2846955826,0.5160267483,Sub-Saharan Africa,Lower middle income,#N/A,,No,No,No,No,No,No,No,No,No
THA,Thailand,Joined Agreement,2025 NDC (Third NDC),Yes,Yes,"In Policy Document (11/7/22, 10/31/21)",418.66,5.8136353,0.8,7345.13569,71668011,0.4324659271,0.4348605532,East Asia & Pacific,Upper middle income,"""Thailand aims to reduce its net GHG emissions to 152 million tCO2eq by 2035, representing a 47% reduction (135.2 MtCO2eq) compared to 2019 levels. This target aligns with the 1.5-degree pathways and a goal of net-zero emissions by 2050.""",11/4/2025,In policy document,No,No,No,No,No,No,No,No
TGO,Togo,Joined Agreement,2020 NDC (Updated First NDC),Yes,No,No,10.1,1.2779789,0.0,1043.140929,9515236,0.3256733283,0.5029238942,Sub-Saharan Africa,Low income,Togo communicated NAMAs to increase forest cover from 7 per cent in 2005 to 30 per cent in 2050 in relation to the national area through reforestation and the improvement of the availability of forest resources.,,No,No,No,No,No,No,No,No,No
TON,Tonga,Joined Agreement,2025 NDC (Third NDC),Yes,No,No,0.3,3.0984237,0.0,,104175,0.3920608641,0.6065927375,East Asia & Pacific,Upper middle income,"""Energy sector emissions from electricity reduction of 20 GgCO2e by 2030 and 25 GgCO2e by 2035 compared to the baseline emissions of 2006. Energy sector emissions from transportation reduction of 26 GgCO2e by 2030 and 45 GgCO2e by 2035 compared to the baseline emissions of 2006.""",9/23/2025,No,No,No,No,No,No,No,No,No
TTO,Trinidad and Tobago,Joined Agreement,Only First NDC,No,No,No,24.15,32.306,0.0,19314.71634,1368333,0.2922243842,0.3712487224,Latin America & Caribbean,High income,#N/A,,No,No,No,No,No,No,No,No,No
TUN,Tunisia,Joined Agreement,2025 NDC (Third NDC),Yes,Yes,In Policy Document (11/1/22),40.26,3.832252,0.1,4350.371797,12277109,0.4040927226,0.379160533,Middle East & North Africa,Lower middle income,Tunisia communicated several NAMAs.,,In policy document,No,No,No,No,No,No,Yes,No
TUR,Turkey,Joined Agreement,2025 NDC (Third NDC),Yes,Yes,"In Policy Document (11/11/2024, 2/25/2022)<br>In Political Pledge (9/27/2021)",494.89,7.009273,1.0,15473.28726,85518661,0.4527051752,0.3746493467,Europe & Central Asia,Upper middle income,"""Türkiye aims to reduce its GHG emissions by 466 Mt CO₂ eq. compared to the BAU scenario, limiting GHG emissions to 643 Mt CO₂ eq. in 2035.""",11/9/2025,In policy document,Yes,No,No,Yes,Yes,No,No,No
TKM,Turkmenistan,Joined Agreement,2020 NDC (Updated First NDC),No,No,No,227.05,16.621082,0.4,8571.607029,7494498,0.16849559,0.3718524329,Europe & Central Asia,Upper middle income,#N/A,,No,No,No,No,No,No,No,Yes,No
TUV,Tuvalu,Joined Agreement,2025 NDC (Third NDC),No,Yes,In Policy Document (11/16/2022),0.02,2.2243867,0.0,,9646,0.5737564333,0.5762553438,East Asia & Pacific,Upper middle income,"""In its NDC 3.0, Tuvalu communicates to the UNFCCC: Tuvalu commits to the reduction of greenhouse gas (GHG) emissions from the electricity (power) sector by 100%, i.e., almost zero emissions by 2035; Increase energy efficiency in Funafuti by 30%.; Tuvalu’s indicative quantified economy-wide target to reduce total GHG emissions from the entire energy sector to 80% below 2014 levels by 2035.; Zero carbon development pathway by 2050.""",9/26/2025,In policy document,No,No,No,No,No,No,No,No
UGA,Uganda,Joined Agreement,2020 NDC (Updated First NDC),No,No,No,63.84,1.3388916,0.1,1072.713698,50015092,0.22407249,0.5356030995,Sub-Saharan Africa,Low income,#N/A,,In policy document,No,No,No,No,No,No,No,No
UKR,Ukraine,Joined Agreement,2020 NDC (Updated First NDC),Yes,Yes,In Policy Document (7/31/2021)<br>In Political Pledge (11/1/2021),165.61,5.6962295,0.3,5389.473145,37860221,0.3883478232,0.3651026514,Europe & Central Asia,Upper middle income,Ukraine communicated a target of a 20 per cent emission reduction by 2020 compared with 1990 levels.,,In law,No,No,No,No,No,No,No,Yes
ARE,United Arab Emirates,Joined Agreement,2025 NDC (Third NDC),Yes,Yes,"In Law (8/28/2024)<br>In Policy Document (11/6/2024, 1/4/2024, 10/07/2021)",245.26,26.672342,0.5,49377.56434,10876981,0.5817901452,0.3828627247,Middle East & North Africa,High income,"""This NDC sets a target of reducing emissions by 47% by 2035 compared to the 2019 baseline""",11/6/2024,In policy document,No,No,Yes,No,No,No,Yes,No
GBR,United Kingdom,Joined Agreement,2025 NDC (Second NDC),Yes,Yes,"In Law (6/26/2019)<br>In Policy Document (1/30/2025, 10/19/2021, 12/11/2020)",417.7,5.7109523,0.8,52636.78659,69226000,0.6851330925,0.2880555989,Europe & Central Asia,High income,"UK commits to ""reduce all greenhouse gas emissions by at least 81% by 2035, compared to 1990 levels""",1/30/2025,In law,Yes,Yes,No,Yes,Yes,Yes,No,No
USA,United States,Withdrawn Agreement,2025 NDC (Second NDC),Yes,No,No,5670.87,17.162289,11.2,85809.90038,340110988,0.6410475286,0.3120192434,North America,High income,"""United States is communicating an economy-wide target of reducing its net greenhouse gas emissions by 61-66 percent below 2005 levels in 2035""",12/19/2024,No,Yes,Yes,No,Yes,Yes,No,No,No
URY,Uruguay,Joined Agreement,2025 NDC (Third NDC),Yes,Yes,In Policy Document (12/28/2021)<br>In Political Pledge (12/12/2020),35.22,12.234533,0.1,23906.5133,3386588,0.5349455798,0.3746689766,Latin America & Caribbean,High income,"""Unconditional mitigation targets to 2035 Not exceeding the next emission level (Gg of gas): CO2: 9.267, CH4: 818, N2O: 32, HFCs: Reduce 30% consumption with respect to the baseline established from the average consumption of the years 2020 to 2022, Conditional mitigation targets to 2035 Reduction of GHG emissions (Gg of gas): CO2: 960, CH4: 61, N2O: 2, HFCs: Decrease 5% consumption with respect to the baseline established from the average consumption of the years 2020 to 2022""",12/30/2024,Announced,No,No,No,No,No,No,No,No
UZB,Uzbekistan,Joined Agreement,2020 NDC (Updated First NDC),No,No,No,183.46,5.8539495,0.4,3161.700106,36361859,0.3811826999,0.3588582758,Europe & Central Asia,Lower middle income,"""As part of the updated Nationally Determined Contribution (NDC) 3.0, the Republic of Uzbekistan, considering national circumstances and respective capabilities, has committed to achieving a reduction in specific greenhouse gas emissions (emission intensity) per unit of gross domestic product by 50 percent by 2035 compared to 2010 levels.""",11/6/2025,No,No,No,No,No,No,No,No,Yes
VUT,Vanuatu,Joined Agreement,2025 NDC (Third NDC),Yes,Yes,In Policy Document (5/17/2023),0.54,1.9056062,0.0,3542.810716,327777,0.3323665351,0.5630534141,East Asia & Pacific,Lower middle income,"""The NDC 3.0 will, if fully financed and implemented, reduce emissions from all sectors by 1,608.57 kt CO₂ eq by 2035, thus providing a clear and unambiguous overall emission reduction goal aligned with equity (acknowledging the conditional nature of the NDC which requires external financing), as well as the imperative to limit global warming to 1.5°C.""",9/24/2025,Achieved,No,No,No,No,No,No,No,No
VAT,Vatican City,Joined Agreement,2025 NDC (Second NDC),No,No,No,#N/A,#N/A,#N/A,#N/A,#N/A,#N/A,#N/A,#N/A,#N/A,#N/A,9/16/2025,No,No,No,No,No,No,Yes,No,No
VEN,Venezuela,Joined Agreement,2025 NDC (Second NDC),No,No,No,267.66,6.050582,0.5,,28405543,0.1545870076,0.3731380284,Latin America & Caribbean,,"""This participatory analysis with the team allowed us to define a global goal of maintaining a 20% reduction in GHG emissions by 2030, compared to the trend baseline (2024-2030).""",10/28/2025,No,No,No,No,No,No,No,Yes,No
VNM,Vietnam,Joined Agreement,2020 NDC (Updated First NDC),No,Yes,In Policy Document (11/8/2022)<br>In Political Pledge (11/1/2021),463.85,5.338676,0.9,4717.290287,100987686,0.3879650997,0.467810376,East Asia & Pacific,Lower middle income,#N/A,,Announced,No,No,No,No,No,No,No,No
YEM,Yemen,Signed Agreement,2025 NDC (Third NDC),No,No,No,29.14,0.7916685,0.1,,40583164,0.2188880883,0.5341454769,Middle East & North Africa,Low income,#N/A,,No,No,No,No,No,No,No,Yes,No
ZMB,Zambia,Joined Agreement,2025 NDC (Third NDC),No,No,No,99.02,4.258395,0.2,1235.084665,21314956,0.2962205061,0.4845816503,Sub-Saharan Africa,Lower middle income,"""Zambia intends to reduce its greenhouse gas emissions by 25% (at Business As Usual (BAU) level of international support prevailing in 2015) and towards 47% (with substantial international support) by 2030.""",10/28/2025,No,No,No,No,No,No,No,No,No
ZWE,Zimbabwe,Joined Agreement,2025 NDC (Third NDC),Yes,No,No,114.97,2.077933,0.2,2656.409377,16634373,0.1788685065,0.4982388739,Sub-Saharan Africa,Lower middle income,"""In this regard the country revised NDC2.0 to raise its ambition to reduce GHG emissions by at least 40% per capita in the NDC3.0 compared to the 2035 Business-as Usual (BAU) scenario""",2/10/2025,No,No,No,No,No,No,No,No,No